id_place,id_area,id_price,id_type,name_place,address_place,start_time,end_time,latitude,longitude,phone_place,email_contact_place,view_place,describe_place,image_url
1,1006,3001,4001,Nhà gốm Tư Buôi,"57B, đường 8 tháng 3, phường 5, Thành phố Vĩnh Long",9:00,18:00,10.24508622,105.9855315,2303834286,vophuong2067@gmail.com,2,<p>Nhà gốm Tư Buôi</p>,https://firebasestorage.googleapis.com/v0/b/vilo-tourism.appspot.com/o/nhagomtubuoi.jpg?alt=media&token=b96580d8-8e0e-457d-8431-4d2e7bc167c1
2,1006,3001,4000,Khu du lịch sinh thái An Bình,"Số 01, đường 1 tháng 5, phường 1, Thành phố Vĩnh Long",9:00,18:00,10.269585,105.985353,2703858612,anbinh@cuulongtourist.com,8,Địa điểm khu du lịch sinh thái xanh,https://firebasestorage.googleapis.com/v0/b/vilo-tourism.appspot.com/o/khudulichanbinh.jpg?alt=media&token=16b5a50e-e4b3-4427-9899-9c60019f0cbd
3,1006,3000,4000,Khu du lịch Mekong Hometown Rest & Farm,"Số 169, Tổ 9, Ấp Tân Vĩnh Thuận, phường Tân Ngãi, Thành phố Vĩnh Long",8:00,23:59,10.275032,105.92493,939952384,sales@mekonghometown.vn,1,Khu du lịch Mekong Hometown với diện tích 14ha,https://firebasestorage.googleapis.com/v0/b/vilo-tourism.appspot.com/o/khudulichmekonghometownrestfarm.jpg?alt=media&token=772d936e-1da0-40ce-a816-84116eeb6aba
4,1006,3000,4000,Cơ sở sản xuất và kinh doanh Peace Farm,"79 Tân Quối Đông, phường Trường An, Thành phố Vĩnh Long",8:00,23:59,10.26116424,105.9320722,908370824,hienpeacefarm@gmail.com,1,Cơ sở sản xuất và kinh doanh Peace Farm,https://firebasestorage.googleapis.com/v0/b/vilo-tourism.appspot.com/o/cososanxuatvakinhdoanhpeacefarm.jpg?alt=media&token=def00359-83d8-4df5-9050-d59a430ca809
5,1006,3000,4000,Miếu Công Thần,"226 Mười Bốn Tháng Chín, Phường 5, Thành phố Vĩnh Long",7:00,23:59,10.2603985,105.9863279,2703831555,mieucongthan@gmail.com,4,"<p>Ngày 31/8/1998, Bộ Văn hóa, Thông tin (nay là Bộ Văn hóa, Thể thao và Du lịch) ban hành Quyết định công nhận Công Thần Miếu Vĩnh Long là di tích Lịch sử - Văn hóa cấp Quốc gia. Theo Đại Nam nhất thống chí. Miếu Hội đồng ở Vĩnh Long xây dựng vào năm Minh Mạng thứ 17 (1837) tại thôn Thanh Mỹ Đông, huyện Vĩnh Bình. Dân gian thường gọi Miếu Hội đồng là Đình Khao vì các quan ở thành Vĩnh Long thời bấy giờ thường sử dụng nơi đây mở tiệc khao thưởng quân lính.</p>",https://storage.googleapis.com/vilo-tourism.appspot.com/mieucongthan.jpeg?GoogleAccessId=firebase-adminsdk-jgppv%40vilo-tourism.iam.gserviceaccount.com&Expires=16725225600&Signature=W2dO9GrfwM%2FnGzGOZ3lV8mErskXM3R3kwo4mjqUvMeDFtXm39okgSOXKXFGzJETurVAFInJmCo9JEJmP1Ut%2BkyWbNknyZBUGzK09oLrALWSUnuZwXDU7F%2BaggdUWzh6o%2BzlkPXlByE5SHo1urCIaL%2B%2FHDEvpgozDKTTaqcuIbtu8ccynSUg0hpfQkAysp2Rdcgbu6yesVh1Jx8%2B2IS1rky%2Ftp2Pq9W8qvtvtWdWm1GO0GZLzhurNv43yiCrgZ4Z1iL6ngjzBTfbB4Pv1cyDdbv%2BT%2FWqoYV%2BCU0xnXp5Gcu8EgcFb1sAs7V5Z86pDVheIMIY0j3%2BF6lxlESFtLQ%2BuXg%3D%3D
6,1006,3000,4000,Thất Phủ Miếu ( Chùa Ông),"22 Nguyễn Chí Thanh, Phường 5, Thành phố Vĩnh Long",7:30,17:30,10.25483615,105.9780615,913889019,chuaong@gmail.com,0,"<p>Miếu Thất Phủ làm theo kiểu “nội công ngoại quốc”. Phía sau là chính điện, phía trước là tiền đường, hai bên là Đông Sương và Tây Sương. Diện tích xây dựng khoảng 800 mét vuông, xung quanh được bao kín bởi những vách gạch kiên cố. Tuy các khu vực chính nằm xa nhau nhưng có thể thông hành qua lại nhờ các nhà nối, gọi là “hà cầu” là những cây cầu bắc qua ao sen.</p>",https://storage.googleapis.com/vilo-tourism.appspot.com/thatphumieuchuaong.jpg?GoogleAccessId=firebase-adminsdk-jgppv%40vilo-tourism.iam.gserviceaccount.com&Expires=16725225600&Signature=AH6%2FHm6DvBL82dwEbUshjVO5CxfvXGifUUxYp5nm9jTyd6vKgijIHjRr8UoxwVIUUkUYz4JmxatKNOoEYepvgeaqzLz4S5ZOIWCqOunmHOSI5%2FLeM8NmTbm6Jq%2BJpfFpNkhFi9w6BBTpGZXI%2BOtrvZUAxY5cWbNgXA4qdvVoX5%2Bsro7IzT%2FeR%2B135ggGxBlD1nzOihxRvR%2Fq5NQmFC8M0sFRdcImkPz6gObQp3qv8%2BcGCw44Qhrpt7HO0XnE%2Bq1WeNOa%2FEGhUtAFu4LLmUCDmz9y%2BhEpShRg8cOeT8MiRv%2FyWi%2FdNDq%2FgoEf2RKB5Zc3f%2BxmOqcukJ8b3C9WH83Fmg%3D%3D
7,1006,3000,4000,Đình Long Thanh,"phường 5, Thành phố Vĩnh Long",7:00,23:59,10.23844226,105.9899405,1228637113,dinhlongthanh@gmail.com,0,"<p>Đình Long Thanh hay còn gọi là Long Thanh võ miếu hiện nay tọa lạc ở phường 5, thành phố Vĩnh Long. Cách trung tâm thành phố khoảng 3km, có khuôn viên cây cảnh đẹp và thoáng mát</p>",https://storage.googleapis.com/vilo-tourism.appspot.com/dinhlongthanh.jpg?GoogleAccessId=firebase-adminsdk-jgppv%40vilo-tourism.iam.gserviceaccount.com&Expires=16725225600&Signature=Eq3PFsDXK2YzO9d8XM6qixlvRngejN80dAwY1hlwha%2Fhx0KpnGNectBxUYrrxb44Y0FZJSs5f8wqBrN4I4Kx7twEnCclxKI9UUVvb1ICOK6xpkGRqSPclt6AoAIYWxHM%2BFiS3BrKduOxrDRVVUN7JoaNlZbeVoK3r%2FF0O10a%2B0lprs3fJut8lvbXtI3tytZx8CkjK%2Bt0cBcnPRWkKt7yTWmN3mo0Qa6ki2ls%2FfxksbAPbx9bEJn6YJS2YLG06KUB51yUbWXGIM2ePsXNvx1pXjkIIqI1DklQ2HOQo%2B4d2JCwfHcvXbzBNPD6vC8VXe9NI11uTsXYJyAoIok%2BdSGiFw%3D%3D
8,1006,3000,4000,Văn Thánh Miếu Vĩnh Long,"phường 4, Thành phố Vĩnh Long",7:00,23:59,10.24279106,105.9846036,Không có,vanthanhmieuvinhlong@gmail.com,0,"<p>Văn Thánh miếu là một công trình đề cao Nho giáo, là thiết chế văn hóa chính thống của nhà nước phong kiến. Ở Nam Bộ có 06 tỉnh nhưng chỉ có ba Văn miếu được xây dựng: ở Biên Hòa (1715), Gia Định (1824) và Vĩnh Long (1866). So với các Văn miếu khác ở Nam Bộ thì Văn miếu Vĩnh Long xây dựng muộn nhất và là công trình duy nhất còn tồn tại cho đến hôm nay.</p>",https://storage.googleapis.com/vilo-tourism.appspot.com/vanthanhmieuvinhlong.jpg?GoogleAccessId=firebase-adminsdk-jgppv%40vilo-tourism.iam.gserviceaccount.com&Expires=16725225600&Signature=HgnEVb%2FiQC6SLgpZaAPASXVLZrcTfRUtyocLtFqegQTXaujARz3RR1VQY3kOZXeehflpR7thWLItAriM27ZXY6Ua%2FU12KGo8R1c6ew2R%2BSmSFftRWPF6w8ZsssgD61lBqj3TkLWbjvEU2vmM6g3PHODnz5mK5KETDuvfk3%2BWu7YNwbEB1mpstNHcqxlEnNsxAOan%2BH8S5T0aBU39SYD%2Fo5mSi6a9CAtls2AyNL8Kts%2BwY34ESg7u5WG9jtzk7V9p%2BerATSnb4dM35JJr4BbPUAg5coJJvKeZns23JqfHXG%2FpzNDW2yaetvzVdsZeTJBD2oXIAIsxghIOvxJGWcSGNg%3D%3D
9,1006,3000,4000,Bảo Tàng Vĩnh Long,"Số 1, đường Phan Bội Châu, phường 1, Thành phố Vĩnh Long",7:00,17:00,10.25735385,105.9713255,2703823181,btang.shvttdl@vinhlong.gov.vn,0,"<p>Bảo tàng Vĩnh Long tọa lạc tại vị trí trung tâm thành phố, gần chợ, nằm cạnh khách sạn Cửu Long, trước mặt là bến tàu du lịch trên dòng sông Cổ Chiên lịch sử, bên kia sông là cù lao An Bình với những vườn cây xanh, trái ngọt, có nhiều khu du lịch sinh thái theo loại hình “homestay”,…Trong khuôn viên bảo tàng có nhiều cây cổ thụ đã được công nhận “Cây di tích lịch sử văn hóa Việt Nam” hòa quyện với những khu nhà trưng bày tạo nên một tổng thể không gian cổ kính, thoáng mở, rợp bóng mát, đẹp nhất thành phố Vĩnh Long, đã trở thành nơi vui chơi, sinh hoạt của cộng đồng, là điểm thu hút công chúng đến nghiên cứu, học tập, tham quan, du lịch.</p>",https://storage.googleapis.com/vilo-tourism.appspot.com/baotangvinhlong.jpg?GoogleAccessId=firebase-adminsdk-jgppv%40vilo-tourism.iam.gserviceaccount.com&Expires=16725225600&Signature=Py%2BmSitMbeKqt3dG0W4dee0HtWJ860%2Bf0ooE8nCWMpzrWR1kNn7urLlBXFUlP62YfmEdwiIo5bU3q82Mds43L2ebwVHnEvMR%2F23b6PVX9iaJeLpbwEoYgVkfrPBUeI%2B3zUFwRBpr79Qp6SjIwuRhJjs4s1Csr6O%2FfSSQn1rVhV8JtaLvi4hOn0DNpSY7i81c0pJ4oPkRNVkiKNmp3bHxyifl9vAwm5je3n8slPvzehk7wD%2B55yn8z6utSM3QWGt2QrXmCUj6Lcjuq95DunG3YMOK%2Fiqu22FOD0Oz9E4e4lF8nB%2FpRtAmeRJEBkmnf%2BP52QFgPQeu10ZLB%2B2w2MDbqg%3D%3D
10,1006,3000,4000,Đình Tân Hoa,"Quốc lộ 80, phường Tân Hòa, Thành phố Vĩnh Long",7:30,17:00,10.26949367,105.9076658,Không có,dinhtanhoa@gmail.com,0,"<p>Trước đây, đình Tân Hoa toạ lạc tại huyện Vĩnh Bình, Phủ Định Viễn, nằm bên bờ sông Tiền, hướng mặt ra vàm rạch Cái Đôi nên dân thường gọi là đình Cái Đôi. Thời gian dài do di tích nằm gần sông Tiền nên bị nước xoáy mòn, sụp lỡ. Năm 2008, để bảo tồn di sản quốc gia Nhà nước đã đầu tư kinh phí di dời ngôi đình đến địa điểm hiện nay thuộc ấp Tân Hưng, xã Tân Hoà, thành phố Vĩnh Long. Đây là là ngôi đình mới được di dời phục dựng lại ở địa điểm mới cách đình cũ khoảng 600 mét, nằm ven quốc lộ 80, hướng đi thị xã Sa đéc, tỉnh Đồng Tháp, quay mặt về hướng Nam. Công việc di dời kéo dài khoảng một năm đảm bảo giữ nguyên theo đúng kiến trúc ban đầu của ngôi đình.</p>",https://storage.googleapis.com/vilo-tourism.appspot.com/dinhtanhoa.jpg?GoogleAccessId=firebase-adminsdk-jgppv%40vilo-tourism.iam.gserviceaccount.com&Expires=16725225600&Signature=fHGg7GxB3reAdTSc20JWr5wauox6Jw5UquBJGd8fUOEvbB1hX54CO1ObBV2H61eG4jzYngQ49y0YxMudAPGaveXmFkZxe6r%2B2gbchl1DEU3vipcMS3nCChvcoTv2ZnWSoKd%2B6nsA0DD2i0TeZ9EKRKwWJIOGIjsAtCH8rQgoJgYzXR72gsA3%2Fy%2BoP70n9wCEG9naBXpySQPKi4fAQ6wo8jqgFtXfRS3S9E9FlTAqU9t9%2Fq2TyWbgogAPUatK%2F%2B3QCMXhRGsW46Jw5qh3SyGtVuZdeFZFtT%2BLepyWl%2FTQf49ilUuB2SiA3aYAORxv%2BEIbKvnXx8%2BOq0E4wZlPWG4wtw%3D%3D
11,1006,3000,4000,Cafe Robusta Koi Garden,"68/19, đường Phạm Thái Bường, phường 4, Thành phố Vĩnh Long",7:00,18:00,10.23739478,105.9829856,932871175,cocohomevinhlong@gmail.com,0,<p>Cafe Robusta Koi Garden</p>,https://storage.googleapis.com/vilo-tourism.appspot.com/caferobustakoigarden.jpg?GoogleAccessId=firebase-adminsdk-jgppv%40vilo-tourism.iam.gserviceaccount.com&Expires=16725225600&Signature=SXIT6sFIaehPQWO2kob6cPACSxaxvejjn7LZhkLCPAaLqkICxXnkaArvZjS6O02qnrFSdBdobsY4PCrRJMpi2WElvXgI5C5Biw34i85kz5ASPgKfwg%2FTx4uYgUYQUsWh7fF0CA0ryHSa6urXIh53%2FYJw2BejghvAoaCqxY7od4ivjtV25oAzscK5tiyMSNNzTZC2hujWpg3VVfjBUu%2Bedvr%2FIClHxABlW%2F6%2Fio525djGnWeMPDVQWptxYHA1FxGDmO9H9%2FKGDr1LRWArK414WXHWdxW%2FVOam3sQNAB7MvImHGJm4h8ooLvMTu38zWqTsGlXdalAPCzw7cie32eEzlA%3D%3D
12,1001,3000,4004,Khu lưu niệm Chủ tịch Hội đồng Bộ trưởng Phạm Hùng,"ấp Long Thuận A, xã Long Phước, huyện Long Hồ, tỉnh Vĩnh Long",7:30,17:00,10.22507856,105.9894392,2303834286,ktnphamhung@gmail.com,0,"Năm 2012, khu lưu niệm được xếp hạng di tích lịch sử - văn hóa cấp quốc gia. Năm 2015, Hiệp hội du lịch ĐBSCL công nhận là điểm du lịch tiêu biểu vùng đồng bằng sông Cửu Long",https://firebasestorage.googleapis.com/v0/b/vilo-tourism.appspot.com/o/khuluuniemchutichhoidongbotruongphamhung.jpg?alt=media&token=2155d9c2-faf3-416e-8139-d4420724b711
13,1001,3000,4004,Khu du lịch Vinh Sang,"Tổ 14, xã An Bình, huyện Long Hồ, tỉnh Vĩnh Long",7:30,17:00,10.2704404,105.9537641,2706277277,vinhsang7@gmail.com,0,"Để hưởng cảm giác thanh thản, thư nhàn ở một vùng quê không xa lắm chốn thị thành, có dịp khám phá cuộc sống miệt vườn Nam Bộ, biết nhiều động vật hoang dã quý hiếm, được tham gia các trò chơi dân gian   , được vào vườn cây ăn trái, tự tay hái - ăn bao bụng, bạn và gia đình nên đến nơi đây",https://firebasestorage.googleapis.com/v0/b/vilo-tourism.appspot.com/o/khudulichvinhsang.jpg?alt=media&token=5e950764-607a-43a2-b2c7-744ce1c1a764
14,1001,3000,4004,Khu du lịch sinh thái Hoàng Hảo,"Ấp Long Hưng, xã Thanh Đức, huyện Long Hồ",8:00,22:00,10.24596025,106.0048553,2703899699,dulichsinhthaihoanghao@gmail.com,0,"Khu sinh thái nghĩ dưỡng Hoàng Hảo: có vị trí thoáng mát, gần con sông Cổ Chiên huyền thoại, là nơi lý tưởng để nghỉ ngơi và gần trung tâm chợ nên thuận tiện cho việc tham quan mua sắm. Đến với Khu sinh thái Hoàng Hảo quý khách sẽ được tận hưởng không khí trong lành ấm áp như ở gia đình, cùng các dịch vụ chất lượng cao phục vụ quý khách 24/24 với đội ngũ nhân viên chuyên nghiệp, ân cần, tận tâm.",https://firebasestorage.googleapis.com/v0/b/vilo-tourism.appspot.com/o/khudulichsinhthaihoanghao.jpg?alt=media&token=5d8a127c-d2cf-4423-8f8c-ee9c9762e697
15,1001,3000,4004,Dịch vụ du lịch Út Trinh,"Xã Hòa Ninh, Huyện Long Hồ, Tỉnh Vĩnh Long",5:00,22:00,10.27345765,105.9871012,2303834286,vinhlongmekongtravel@yahoo.com,10,"Dịch vụ tàu, ăn uống, homestay",https://firebasestorage.googleapis.com/v0/b/vilo-tourism.appspot.com/o/dichvudulichuttrinh.jpg?alt=media&token=5f8aa009-3108-483f-8bde-f300e78d2ac5
16,1001,3000,4004,Nhà dừa Cocohome,"ấp Hòa Quí, xã Hòa Ninh, huyện Long Hồ, tỉnh Vĩnh Long",8:00,18:00,10.27160022,105.9872458,932871175,cocohomevinhlong@gmail.com,2,"Nhà dừa trăm tuổi Coco home Vĩnh Long ,một nét chấm phá cho vùng đất cù lao anh lành. Chỉ với mức phí tượng trưng, du khách sẽ có dịp chìm đắm trong không gian độc đáo của ngôi nhà được xây từ hơn 4000 cây dừa.., có dịp trở về những nét chân quê truyền thống của đờn ca tài tử, các hoạt động làng nghề, và các món ăn đặc sắc thôn quê, và nếu muốn, có thể trải nghiệm một đêm trong căn phòng honestay dừa độc nhất vô nhị của chúng tôi!",https://firebasestorage.googleapis.com/v0/b/vilo-tourism.appspot.com/o/nhaduacocohome.jpg?alt=media&token=d288f253-0f6b-4a5c-a510-6aae5f9c21b4
17,1001,3001,4004,Lò gốm Cửu Long,"ấp Hòa Quí, xã Hòa Ninh, huyện Long Hồ, tỉnh Vĩnh Long",7:30,18:00,10.27258857,105.9876331,932871175,cocohomevinhlong@gmail.com,2,Lò gốm truyến thống Cửu Long,https://firebasestorage.googleapis.com/v0/b/vilo-tourism.appspot.com/o/logomcuulong.png?alt=media&token=ba2f944a-eac4-4643-aa93-ff0430bb714d
18,1001,3000,4004,Chùa Tiên Châu,"ấp Bình Lương, xã An Bình, huyện Long Hồ, tỉnh Vĩnh Long",7:00,11:59,10.26318719,105.9690574,2703858965,chuatienchau@gmail.com,0,"Theo Đại Nam nhất thống chí, chùa Tiên Châu do Hoà thượng Huỳnh Đức Hội “khai sơn”. Hòa thượng Đức Hội có pháp danh Tánh Minh, đời thứ 39 phái Lâm Tế dòng Liễu Quán.           Cũng theo Đại Nam nhất thống chí, chùa Tiên Châu ở cù lao sông Tiền thuộc làng Bình Lương và An Thành (nay là ấp Bình Lương, xã An Bình huyện Long Hồ, cách thành phố Vĩnh Long khoảng một cây số nhưng phải qua sông Cổ Chiên). Tên chính thức của chùa Tiên Châu là Di Đà Tự (Tiên Châu Di Đà tự) vì chùa này thờ phật Di Đà, giáo chủ cõi Tây Phương cực lạc. Theo truyền thuyết hai làng Bình Lương và An Thành mặc dù cách nơi đô hội không xa nhưng không khí tĩnh mịch, cây cối tốt tươi. Tại nơi đây có xóm chài lưới, cửa nhà thưa thớt. Những đêm trăng thanh gió mát, thỉnh thoảng có tiên nữ xuống trần tắm. ",https://firebasestorage.googleapis.com/v0/b/vilo-tourism.appspot.com/o/chuatienchau.jpg?alt=media&token=5b589f66-e7c2-4be5-bdc8-519add4d7f63
19,1002,3000,4003,Thánh Tịnh Ngọc Sơn Quang,"xã Chánh Hội, huyện Mang Thít, tỉnh Vĩnh Long",7:00,23:59,10.15933067,106.0943418,Không có,ngocsonquang@gmail.com,0,"Từ Vĩnh Long về huyện Mang Thít, cạnh dốc cầu số 8 chúng ta sẽ thấy đường về di tích Thánh tịnh Ngọc Sơn Quang thuộc ấp Tân Thiềng, xã Tân Long Hội, huyện Mang Thít, tỉnh Vĩnh Long.  Vào khoảng đầu năm 1928, ông Trương Như Thị cùng các chức sắc đạo Cao Đài tạo lập nhà tịnh Kim Linh. Nhà tịnh Kim Linh được lập tại nhà ông Trương Như Thị, thuộc xã Tân Long Hội, huyện Cái Nhum (nay thuộc huyện Mang Thít). Họ đạo ở đây theo hệ phái Tiên Thiên. Năm 1936, ông Trương Hoàng Ngự một chức sắc Cao Đài hiến 7 công đất để xây dựng thánh tịnh làm nơi thờ tự mới. Năm 1936, Thánh tịnh Ngọc Sơn Quang đã được hoàn thành.",https://firebasestorage.googleapis.com/v0/b/vilo-tourism.appspot.com/o/thanhtinhngocsonquang.jpg?alt=media&token=7b1067f3-9515-4e5d-9de0-2e8d068210e5
20,1003,3000,4000,Chùa Phước Hậu,"QL54, xã Ngãi Tứ, huyện Tam Bình, tỉnh Vĩnh Long",7:00,23:58,9.970425069,105.9137287,984232821,chuaphuochau@gmail.com,0,"Tâm Linh, Chùa Phước Hậu được Bộ Văn hóa Thông tin công nhận là di tích lịch sử cách mạng cấp quốc gia (Quyết định số 152 – QĐ/BT, ngày 25/01/1994).",https://firebasestorage.googleapis.com/v0/b/vilo-tourism.appspot.com/o/chuaphuochau.png?alt=media&token=5f923ea7-9f23-4303-8ac1-3da9dbd6ff6e
21,1003,3000,4000,Di tích lịch sử cách mạng Cái Ngang,"xã Phú Lộc, huyện Tam Bình, tỉnh Vĩnh Long",7:00,11:59,10.10337425,105.95968,Không có,khucancucaingang@cuulongtourist.com,0,"Khu du lịch tâm linh, Trong hai thời kỳ kháng chiến chống thực dân Pháp và đế quốc Mỹ, Vĩnh Long trở thành chiến trường ác liệt vào bậc nhất ở ĐBSCL. Xuất phát từ vị trí xung yếu của Vĩnh Long, kẻ địch luôn dồn sức mạnh nhằm khống chế bằng được địa bàn này. Về phía ta, quân dân Vĩnh Long dưới sự lãnh đạo của Đảng kiên trì bám trụ, giành giật với địch từng tấc đất quê hương. Vì Vĩnh Long địa hình trống trải, không rừng, không núi, sông rạch chằng chịt nên vấn đề bám trụ địa bàn hoạt động là vấn đề sinh tử đối với cách mạng tỉnh nhà. ",https://firebasestorage.googleapis.com/v0/b/vilo-tourism.appspot.com/o/ditichlichsucachmangcaingang.jpg?alt=media&token=3fa3a296-2efc-4bc3-8529-8ab2bb800ebf
22,1003,3000,4000,"Khu lưu niệm Giáo sư, Viện sĩ Trần Đại Nghĩa","ấp Mỹ Phú 1, xã Tường Lộc, huyện Tam Bình, tỉnh Vĩnh Long",7:00,17:00,10.05033322,105.9870507,2703713559,lkngsvstrandianghia@gmail.com,0,"Ngày 24/11/2013, Ủy ban nhân dân tỉnh Vĩnh Long tổ chức khởi công xây dựng Khu lưu niệm Giáo sư, Viện sĩ Trần Đại Nghĩa - Người học trò xuất sắc của Chủ tịch Hồ Chí Minh, người con ưu tú của quê hương Vĩnh Long, tại xã Tường Lộc, huyện Tam Bình. Lãnh đạo các bộ, ngành Trung ương, địa phương và đông đảo nhân dân địa phương cùng tham dự.",https://firebasestorage.googleapis.com/v0/b/vilo-tourism.appspot.com/o/khuluuniemgiaosuviensitrandainghia.jpg?alt=media&token=232c92fd-f62e-48e2-a340-4666fe70e6c6
23,1003,3000,4000,Doanh nghiệp du lịch sinh thái Sala,"Ấp Mỹ Phú Tân, xã Mỹ Thạnh Trung, huyện Tam Bình, tỉnh Vĩnh Long",7:00,18:00,10.06679585,105.9409458,2703729999,khudulichsala@gmail.com,0,"<p>Là một trong những khu du lịch sinh thái mới nổi của tỉnh Vĩnh Long, Khu vui chơi Sala có diện tích khoảng 25ha, gồm nhiều hạng mục công trình gắn liền với miền quê sông nước Cửu Long, đặc biệt chú trọng phát huy loại hình du lịch trải nghiệm xanh, đậm đà bản sắc văn hóa Nam bộ. Nơi này chỉ nằm cách trung tâm thành phố chỉ khoảng 30km.</p>",https://storage.googleapis.com/vilo-tourism.appspot.com/doanhnghiepdulichsinhthaisala.jpg?GoogleAccessId=firebase-adminsdk-jgppv%40vilo-tourism.iam.gserviceaccount.com&Expires=16725225600&Signature=J7X6DmSXcjorKeWtOADyfy92RVF3rQTrxeG8OfaqWVQPPzZXoST%2FYRyDGQMn1ph7vFSQ1bPbXRGvvfmDUbHsqoMWQPhixQsKeaTO2LJJfaoPwPmu9dtaPPDVxhVSrqrTEbkSUaHKiF9u6Qv5RWpPImQu7Nv1eoFhWdGfaQfnRDNRUjjyavOPaSRkbx%2FTzzRZ6NpsU5%2FJbqbl9%2Bwjv0YJM0p1K9a2MHg0ujs17myx%2F35gRvOKhshhWwxc%2BcbriOOITq1zl%2Fw4NJaz8E1FeTOgAJw6%2Fd89qjvmDDg%2F3Cbgc727qwOMezFXl%2FgOuqB4uGmkcxU8eD8nj%2B3YewSYcjD4NA%3D%3D
24,1004,3000,4000,Lăng Ông Tiên Quân Thống Chế Điều Bát,"Thị trấn Trà Ôn, huyện Trà Ôn, tỉnh Vĩnh Long",7:00,17:00,9.964821162,105.935534,1234492727,tienquanthongchedieubat@gmail.com,0,"<p>Lăng Ông Thống chế Điều bát Nguyễn Văn Tồn tọa lạc ở Gồng Thanh Bạch, xã Thiện Mỹ, huyện Trà Ôn, tỉnh Vĩnh Long. Ông Nguyễn Văn Tồn là người Khmer, quê làng Nguyệt Lãng, xã Bình Phú, huyện Càng Long tỉnh Trà Vinh, tên thật là Thạch Duồng. Thuở nhỏ ông theo làm nô bộc ở phủ Chúa Nguyễn, hết lòng tận tụy trung thành nên được cho chuyển làm Cai đội và cho mang “Quốc thích”. Từ năm 1786 đến 1789, ông theo chúa Nguyễn chạy sang Vọng Các. Khi Nguyễn Ánh khá mạnh trở về nước, ông được phân công đi chiêu mộ thành lập một đội quân người Khmer và ông lãnh nhiệm vụ thống quản đội quân đó. Ông lại được lệnh theo Võ Tánh giữ thành Bình Định.</p>",https://storage.googleapis.com/vilo-tourism.appspot.com/langongtienquanthongchedieubat.jpg?GoogleAccessId=firebase-adminsdk-jgppv%40vilo-tourism.iam.gserviceaccount.com&Expires=16725225600&Signature=IY6X3r6CobzR5FkledcGDUqputHJ2844LQHihKrGVdGnSL%2B%2BS5pqropqBj0lnSZ8o3J9ejbDrsmSknEYBVv9zzPPowl6ApsjxBQXqO68te3uhdGcHstmBOO09obT%2FPQFmVxQvwBDAMqO1Pq9o50GFk02TXmw2iYa53peeD51iKwfi1UHr65%2F5Fr29N3FptrnTCkHfbjtJ50moeZkGoQWV%2FNeoeK2iKLuB%2FpMl3SpWS2C1q1JpdnVlhG1lI4xGPjIa1B8QOktDTsUhaj8QebZznEhfEwrCrio2fu40xSeAgkwg6nnPXznAKzrfKKO0hVxYedh9XcXQGTiWNoWP0MqGw%3D%3D
25,1004,3000,4000,Du lịch sinh thái miệt vườn Chú 7 Gặt,"Ấp Phú Xuân, xã Phú Thành, huyện Trà Ôn, tỉnh Vĩnh Long",7:00,18:00,9.998556069,105.8510316,978304031,leminhnhi01012987@gmail.com,0,"<p>Tham quan vườn trái cây + dịch vụ ăn uống món ăn đồng quê gà, cá lóc, lươn, ếch, cá tai tượng, óc bươu</p>",https://storage.googleapis.com/vilo-tourism.appspot.com/dulichsinhthaimietvuonchu7gat.jpg?GoogleAccessId=firebase-adminsdk-jgppv%40vilo-tourism.iam.gserviceaccount.com&Expires=16725225600&Signature=d7Xm2dJnIESRSNWaYcF04i5F2ntRYcarW9j%2BCi0H2i%2FdUdEUK%2Bo5rsgtdo3Mrk9WXju1uLYeEMc2WvBBbQ8MZ7S%2FGJLHUh3U8nWwbMBodfJdaaUeABZkX1HFDZpDTCkcTEHSxAp1W78nWrzDmQ%2BwnSskoQchFbn02yjh6Gx5XZZErBSjVPvT1nwLKRK%2FwFLnhJLagbXpVUvJuhk2DGldXwJIxCGOLTn45aZs%2FTrsiac7f%2Fsrm3QYfLq9TZFCpH85lxcwQMDc9L9zPM%2BEmJJhJuGmAxe3Z9OUs8ctQqZv7vDJB4IHEeLybbkpAgrsjJj7q19o2wc4XOESLEdcSjrNsA%3D%3D
26,1005,3000,4000,Khu mộ thân nhân danh thần Thoại Ngọc Hầu,"Cù lao dài, xã Quới Thiện, huyện Vũng Liêm, tỉnh Vĩnh Long",7:00,18:00,10.11216549,106.228139,Không có,khumothoaingochau@gmail.com,0,"<p>Cù lao Dài thuộc hai xã Thanh Bình, Quới Thiện của huyện Vũng Liêm, tỉnh Vĩnh Long. Một địa danh gắn liền với cuộc di cư của gia đình danh thần Thoại Ngọc Hầu đến khẩn hoang lập nghiệp. Đây cũng là nơi chứng tri cho những tảo tần của bà Nguyễn Thị Tuyết trong quá trình nuôi dạy Thoại Ngọc Hầu nên người, trở thành đại thần của triều đình nhà Nguyễn. Đến với cù lao Dài hôm nay, ngoài trải nghiệm, khám phá vùng đất được ấp ủ giữa dòng sông Cổ Chiên thơ mộng, du khách còn được tham quan, tìm hiểu về khu mộ thân nhân danh thần Thoại Ngọc Hầu- những tiền nhân có công khai phá, lập làng ở cù lao Dài.</p>",https://storage.googleapis.com/vilo-tourism.appspot.com/khumothannhandanhthanthoaingochau.jpg?GoogleAccessId=firebase-adminsdk-jgppv%40vilo-tourism.iam.gserviceaccount.com&Expires=16725225600&Signature=JEeitxhjc2ZvaSj%2BHPMB5JppiZx54FOyh3TftBFoJRwtHVW6%2BeI2jVSzoyiXaUmC3NT0EZqLKsD%2Bi4HI9ScYtWxcDHBvLlxaloeZW5IQANqtdyoF6eJXcmkiRTzK4hfhhjzA3GerBjmPy8cNsVcKlJSkSOP5yYG4DzXOMKLSZHPANK3U9d0M%2B%2FdNMxkhCYb50YPkArRuROnRSxcKJwoBnPj5uPVb8wU%2FeXxUXnIG866ClJ87fK9L94FbOPCOaow1pmom%2FWDgqCkD%2BA09X6%2BYPGFL730JmtVllKrjRu1Q2yca018RbsIFvrdEgRKKHFUkPbx8IX3sJa6aEGX%2FsLdM5Q%3D%3D
27,1005,3000,4000,Khu tưởng niệm Thủ tướng Võ Văn Kiệt,"Số 10, đường Nam Kỳ Khởi Nghĩa, thị trấn Vũng Liêm, huyện Vũng Liêm, tỉnh Vĩnh Long",7:30,17:00,10.08539957,106.1908563,2703971111,ktnvovankieet@gmail.com,0,"<p>Khu lưu niệm tọa lạc tại ấp Phong Thới, thị trấn Vũng Liêm với diện tích rộng 1,7 hecta bao gồm các hạng mục: Nhà trưng bày, nhà làm việc, khu thờ, sân vườn thoáng đãng. Đây là một công trình văn hóa với không gian mở, thân thiện, gần gũi, thể hiện tính chất trang trọng, thành kính và là nơi vui chơi, giải trí của người dân địa phương phù hợp với ý nguyện của Thủ tướng lúc sinh thời. Điểm nhấn của di tích là nhà tưởng niệm và nhà làm việc lúc sinh thời của Thủ tướng. Nhà trưng bày có nhiều tư liệu, hiện vật, hình ảnh thể hiện sống động quá trình hoạt động cách mạng của Thủ tướng. Nhưng ấn tượng nhất là bức ảnh chân dung của cố Thủ tướng với nụ cười rạng ngời ẩn trên nền là 15.000 bức ảnh về cuộc đời và sự nghiệp cách mạng của Thủ tướng. Năm 2015, Hiệp hội Du lịch đồng bằng sông Cửu Long công nhận khu lưu niệm là điểm du lịch tiêu biểu vùng đồng bằng sông Cửu Long.</p>",https://storage.googleapis.com/vilo-tourism.appspot.com/khutuongniemthutuongvovankiet.jpg?GoogleAccessId=firebase-adminsdk-jgppv%40vilo-tourism.iam.gserviceaccount.com&Expires=16725225600&Signature=jkxorgH5OG5SEjBMwNjYDLAcMrbjIAF3kiNmeyzIdWn2sIHHaf4QfxrjL7XG5Pwq7IThM8k7kcD6yS4pv2IQ0zpzx51w%2BBu9goMerFYskmTx%2FePB0EBsm2ACoCzTkhabuIt3k0FuPaIqDozWiNo610R9ZrtJan1ZxChQmp7hYSduuzfN%2Bs9iPdJJrGmnniatTtL1KGzomxMios5fVd%2BoE40mpKl43u6wS%2FJg6hZ5PwrcARsx9P6wCSbEcwacHNgeQOqd1MI3T1Nn52TyBOF9OzMSttq6H1tMGDEf2QUd3OyZPxxsBRpJhurJS0UJ90lOzf7grmUkGyBs9ObyJPg80A%3D%3D
